TotalPili,bootMean,bootMedian,IC_mean,IC_median
0.0,414878.8701666667,294366.0,[281840.73125 577514.86875],[236620. 609065.]
1.0,643345.6395,444462.0,[428999.         953178.70972222],[330372.5 677722. ]
2.0,615993.7304210527,458015.0,[424640.34342105 844058.025     ],[304316. 732782.]
3.0,555109.55675,425175.0,[409438.478125   751906.01041667],[344902.    658069.575]
4.0,771613.3249375,594554.5,[ 531266.059375  1049568.1296875],[ 350062.    1064847.425]
5.0,987672.6981538462,852350.0,[ 651923.77884615 1401818.63076923],[ 448312. 1122668.]
