 ,Label,Area,Mean,Min,Max,X,Y,BiologicalReplicate,CellArea,CellMean,CellTotalFluorescence,CellMin,CellMax,CellStd,X_PoleDim,Y_PoleDim,AreaPoleDim,MeanPoleDim,TotalFluorescencePoleDim,MinPoleDim,MaxPoleDim,StdPoleDim,Nb_Pili_PoleDim,Nb_Flagella_PoleDim,X_PoleBright,Y_PoleBright,AreaPoleBright,MeanPoleBright,TotalFluorescencePoleBright,MinPoleBright,MaxPoleBright,StdPoleBright,Nb_Pili_PoleBright,Nb_Flagella_PoleBright,PolarRatio
1,pilH-fliC-_PaQa_solid_0_event2_tirf_RAW_Stack.tif,2560,255,255,255,87.25195,33.47227,1,2740,3209.95766,8795284,1400,3759,687.3552,233.75457999999998,190.9782,316,2950.0601300000003,932219,1045,3752,897.4617099999999,10,0,354.32362,217.66919,316,3004.0981,949295,1005,3759,882.35101,10,0,0.90771
1,pilH-fliC-_PaQa_solid_0_event4_tirf_RAW_Stack.tif,1327,255,255,255,58.888090000000005,34.111909999999995,1,1445,3171.37993,4582644,1386,3797,756.7371400000001,414.08037,170.23037,256,2734.8125,700112,746,3797,1017.8267599999999,9,0,349.16039,193.43802,256,2905.67969,743854,1273,3783,913.50452,5,0,0.83834
1,pilH-fliC-_PaQa_solid_1_event5_tirf_RAW_Stack.tif,1438,255,255,255,71.40473,24.42211,1,1565,3288.38211,5146318,1121,3793,703.4691,318.47316,238.76657000000003,208,2972.26923,618232,926,3785,975.65164,9,0,406.48535,225.94845,208,3105.83654,646014,888,3793,949.9306,8,0,0.89949
1,,1530,255,255,255,61.853590000000004,23.28824,1,1655,3300.40544,5462171,2933,3779,187.22635,0.0,0.0,0,0.0,0,0,0,0.0,0,0,0.0,0.0,0,0.0,0,0,0,0.0,0,0,0.0
2,PilH-FliC-_Gasket_0_event1_tirf_RAW_Stack.tif,1747,255,255,255,59.83028,23.30366,1,1865,3307.8681,6169174,2937,3746,188.33529,167.97491000000002,195.34138000000002,421,3301.50356,1389933,3003,3567,141.92428999999998,10,0,235.99829,196.10017,421,3323.18527,1399061,2993,3645,174.67537,13,0,1.00247
