 ,Label,Track_ID,BiologicalReplicate,PaqaArea,PaqaMean,PaqaTotalFluorescence,PaqaMin,PaqaMax,PaqaStd,rfpArea,rfpMean,rfpTotalFluorescence,rfpMin,rfpMax,rfpStd,PaQa_RFP_ratio,Strain,Reporter,TimePoint,TeckRep
1,fliC-_PaQa_2h.nd2 - C=2.tif,5,1,2.1125,75.4,159.28251,30,125,29.512529999999998,2.42938,170.73913000000002,414.7894,52,332,89.19601,0.38401,fliC-,PaQa,2,1
2,fliC-_PaQa_2h.nd2 - C=2.tif,7,1,2.535,163.95833000000002,415.6344,54,325,86.81839000000001,2.85188,148.2963,422.92252,18,320,80.91725,0.98277,fliC-,PaQa,2,1
3,fliC-_PaQa_2h.nd2 - C=2.tif,10,1,2.64063,85.84,226.67126000000002,33,167,44.10563,2.32375,162.54545,377.71502000000004,61,362,90.53477,0.60011,fliC-,PaQa,2,1
4,fliC-_PaQa_2h.nd2 - C=2.tif,11,1,6.020630000000001,240.82456000000002,1449.91445,66,836,163.68121000000002,3.9081300000000003,163.08108000000001,637.34128,55,812,147.37299,2.27494,fliC-,PaQa,2,1
5,fliC-_PaQa_2h.nd2 - C=2.tif,31,1,2.1125,95.2,201.11001000000002,43,159,34.54303,3.4856300000000005,134.39394,468.4469,28,291,81.92754000000001,0.42931,fliC-,PaQa,2,1
6,fliC-_PaQa_2h.nd2 - C=2.tif,34,1,2.0068799999999998,142.15788999999998,285.29314,77,237,56.12215,2.42938,140.6087,341.59127,61,275,62.928340000000006,0.83519,fliC-,PaQa,2,1
7,fliC-_PaQa_2h.nd2 - C=2.tif,42,1,1.90125,120.05556000000001,228.25564,41,253,64.39627,1.90125,144.44444,274.62501000000003,36,266,75.19639000000001,0.83115,fliC-,PaQa,2,1
8,fliC-_PaQa_2h.nd2 - C=2.tif,47,1,1.69,481.25,813.31254,111,1370,409.49571000000003,2.535,342.91667,869.2937900000001,44,946,264.45661,0.9356,fliC-,PaQa,2,1
9,fliC-_PaQa_2h.nd2 - C=2.tif,54,1,1.7956299999999998,114.05882,204.80688999999998,40,225,55.21376,1.90125,186.88889,355.32252,39,331,91.54869000000001,0.5764,fliC-,PaQa,2,1
