 ,Label,Track_ID,BiologicalReplicate,PaqaArea,PaqaMean,PaqaTotalFluorescence,PaqaMin,PaqaMax,PaqaStd,rfpArea,rfpMean,rfpTotalFluorescence,rfpMin,rfpMax,rfpStd,PaQa_RFP_ratio,Strain,Reporter,TimePoint,TeckRep
1,pilH-fliC-_PaQa_3h001.nd2 - C=2.tif,31,1,12.46375,1924.41525,23985.431819999998,1064,4962,797.23813,15.21,139.40972,2120.42198,62,347,63.82946999999999,11.311630000000001,pilH-fliC-,PaQa,3,1
2,pilH-fliC-_PaQa_3h001.nd2 - C=2.tif,37,1,15.21,1393.9652800000001,21202.21294,553,5741,760.21297,15.94938,125.35762,1999.37572,38,687,83.6677,10.60442,pilH-fliC-,PaQa,3,1
3,pilH-fliC-_PaQa_3h001.nd2 - C=2.tif,41,1,15.315629999999999,2364.06897,36207.19556,556,12226,2201.62658,16.79438,170.40251999999998,2861.8038899999997,34,827,149.4614,12.65188,pilH-fliC-,PaQa,3,1
4,pilH-fliC-_PaQa_3h001.nd2 - C=2.tif,54,1,11.09063,1594.7619,17686.90713,617,4159,962.43896,11.09063,132.75238000000002,1472.30695,39,313,81.99176999999999,12.013060000000001,pilH-fliC-,PaQa,3,1
5,pilH-fliC-_PaQa_3h001.nd2 - C=2.tif,68,1,8.55563,1415.96296,12114.44873,642,3785,724.21874,9.295,112.23863999999999,1043.25818,30,304,64.10139000000001,11.61213,pilH-fliC-,PaQa,3,1
