 ,Label,Track_ID,BiologicalReplicate,PaqaArea,PaqaMean,PaqaTotalFluorescence,PaqaMin,PaqaMax,PaqaStd,rfpArea,rfpMean,rfpTotalFluorescence,rfpMin,rfpMax,rfpStd,PaQa_RFP_ratio,Strain,Reporter,TimePoint,TeckRep
1,pilH-fliC-_PaQa_0h.nd2 - C=2.tif,4,1,13.836879999999999,1792.57252,24803.60312,413,4167,1108.67099,13.9425,141.56818,1973.81447,25,338,84.10727,12.56633,pilH-fliC-,PaQa,0,1
2,pilH-fliC-_PaQa_0h.nd2 - C=2.tif,9,1,12.46375,1584.18644,19744.90474,288,4291,1135.0092,11.30188,139.3271,1574.65758,15,332,88.5707,12.53917,pilH-fliC-,PaQa,0,1
3,pilH-fliC-_PaQa_0h.nd2 - C=2.tif,14,1,15.94938,2030.6755,32388.00662,414,4403,1290.8096699999999,15.526879999999998,160.22449,2487.78575,24,361,97.23399,13.01881,pilH-fliC-,PaQa,0,1
4,pilH-fliC-_PaQa_0h.nd2 - C=2.tif,17,1,16.371879999999997,1395.82581,22852.28677,232,3109,822.2517,8.344380000000001,92.65823,773.1750400000001,26,199,43.80899,29.556420000000003,pilH-fliC-,PaQa,0,1
