 ,Label,Track_ID,BiologicalReplicate,PaqaArea,PaqaMean,PaqaTotalFluorescence,PaqaMin,PaqaMax,PaqaStd,rfpArea,rfpMean,rfpTotalFluorescence,rfpMin,rfpMax,rfpStd,PaQa_RFP_ratio,Strain,Reporter,TimePoint,TeckRep
1,pilT-pilA-fliC-_PaQa_1h.nd2 - C=2.tif,0,1,2.0068799999999998,60.894740000000006,122.20813000000001,17,134,25.30019,3.27438,264.19355,865.06879,66,526,143.20671000000002,0.14127,pilT-pilA-fliC-,PaQa,1,1
2,pilT-pilA-fliC-_PaQa_1h.nd2 - C=2.tif,5,1,2.74625,64.38462,176.81626,17,137,36.328590000000005,2.74625,193.65385,531.8219,45,449,124.97901999999999,0.33247,pilT-pilA-fliC-,PaQa,1,1
3,pilT-pilA-fliC-_PaQa_1h.nd2 - C=2.tif,29,1,3.06313,63.03448,193.08251,25,110,25.30173,2.535,179.70833000000002,455.56065,66,352,73.12793,0.42383000000000004,pilT-pilA-fliC-,PaQa,1,1
4,pilT-pilA-fliC-_PaQa_1h.nd2 - C=2.tif,36,1,4.33063,73.58537,318.67064,24,144,33.75054,3.38,206.21875,697.01941,90,397,79.65398,0.45719,pilT-pilA-fliC-,PaQa,1,1
5,pilT-pilA-fliC-_PaQa_1h.nd2 - C=2.tif,39,1,3.69688,71.25714,263.42876,18,139,38.69515,4.225,246.225,1040.30068,24,522,157.44132,0.25322,pilT-pilA-fliC-,PaQa,1,1
6,pilT-pilA-fliC-_PaQa_1h.nd2 - C=2.tif,67,1,2.9575,70.21429,207.65876,30,134,32.85136,2.535,213.20833,540.48315,82,414,105.7022,0.38421,pilT-pilA-fliC-,PaQa,1,1
7,pilT-pilA-fliC-_PaQa_1h.nd2 - C=2.tif,73,1,2.42938,64.73913,157.27563,18,128,32.89683,2.32375,152.31818,353.94939,54,349,91.18813,0.44433999999999996,pilT-pilA-fliC-,PaQa,1,1
8,pilT-pilA-fliC-_PaQa_1h.nd2 - C=2.tif,74,1,3.27438,78.45161,256.88001,15,144,40.26813,4.1193800000000005,254.46153999999999,1048.22255,42,594,165.56202,0.24506,pilT-pilA-fliC-,PaQa,1,1
